[{"_id": "603c439bf9af8b373b4e14fc", "userInputs": [{"userID": 751, "milesRequested": 60, "WhPerMile": 340, "minutesAvailable": 360, "modifiedAt": "Fri, 12 Feb 2021 16:58:29 GMT", "paymentRequired": true, "requestedDeparture": "Fri, 12 Feb 2021 22:57:45 GMT", "kWhRequested": 20.4}], "userID": "000000751", "sessionID": "2_39_79_380_2021-02-12 16:57:45.100455", "stationID": "2-39-79-380", "spaceID": "CA-489", "siteID": "0002", "clusterID": "0039", "connectionTime": "Fri, 12 Feb 2021 16:57:45 GMT", "disconnectTime": "Fri, 12 Feb 2021 18:53:05 GMT", "kWhDelivered": 1.685, "pilotSignal": null, "chargingCurrent": null, "doneChargingTime": null, "timezone": "America/Los_Angeles"}, {"_id": "603c439bf9af8b373b4e14fd", "userInputs": [{"userID": 9048, "milesRequested": 30, "WhPerMile": 450, "minutesAvailable": 120, "modifiedAt": "Fri, 12 Feb 2021 17:56:54 GMT", "paymentRequired": true, "requestedDeparture": "Fri, 12 Feb 2021 19:56:30 GMT", "kWhRequested": 13.5}], "userID": "000009048", "sessionID": "2_39_79_379_2021-02-12 17:56:29.747274", "stationID": "2-39-79-379", "spaceID": "CA-327", "siteID": "0002", "clusterID": "0039", "connectionTime": "Fri, 12 Feb 2021 17:56:30 GMT", "disconnectTime": "Sat, 13 Feb 2021 03:50:45 GMT", "kWhDelivered": 7.662, "pilotSignal": null, "chargingCurrent": null, "doneChargingTime": null, "timezone": "America/Los_Angeles"}, {"_id": "603c439bf9af8b373b4e14fe", "userInputs": [{"userID": 1746, "milesRequested": 100, "WhPerMile": 350, "minutesAvailable": 534, "modifiedAt": "Fri, 12 Feb 2021 23:59:37 GMT", "paymentRequired": true, "requestedDeparture": "Sat, 13 Feb 2021 08:52:39 GMT", "kWhRequested": 35.0}], "userID": "000001746", "sessionID": "2_39_125_21_2021-02-12 23:58:39.006145", "stationID": "2-39-125-21", "spaceID": "CA-311", "siteID": "0002", "clusterID": "0039", "connectionTime": "Fri, 12 Feb 2021 23:58:39 GMT", "disconnectTime": "Sat, 13 Feb 2021 00:53:57 GMT", "kWhDelivered": 1.797, "pilotSignal": null, "chargingCurrent": null, "doneChargingTime": null, "timezone": "America/Los_Angeles"}]