[{"_id": "6039a09bf9af8b2fee583f42", "userInputs": [{"userID": 1539, "milesRequested": 20, "WhPerMile": 290, "minutesAvailable": 120, "modifiedAt": "Thu, 11 Feb 2021 01:23:38 GMT", "paymentRequired": true, "requestedDeparture": "Thu, 11 Feb 2021 03:22:31 GMT", "kWhRequested": 5.8}], "userID": "000001539", "sessionID": "2_39_139_28_2021-02-11 01:22:30.655944", "stationID": "2-39-139-28", "spaceID": "CA-303", "siteID": "0002", "clusterID": "0039", "connectionTime": "Thu, 11 Feb 2021 01:22:31 GMT", "disconnectTime": "Thu, 11 Feb 2021 02:03:33 GMT", "kWhDelivered": 1.503, "pilotSignal": null, "chargingCurrent": null, "doneChargingTime": null, "timezone": "America/Los_Angeles"}, {"_id": "6039a09bf9af8b2fee583f43", "userInputs": [{"userID": 268, "milesRequested": 100, "WhPerMile": 283, "minutesAvailable": 480, "modifiedAt": "Thu, 11 Feb 2021 02:30:51 GMT", "paymentRequired": true, "requestedDeparture": "Thu, 11 Feb 2021 10:30:52 GMT", "kWhRequested": 28.3}, {"userID": 268, "milesRequested": 100, "WhPerMile": 283, "minutesAvailable": 480, "modifiedAt": "Thu, 11 Feb 2021 02:30:51 GMT", "paymentRequired": true, "requestedDeparture": "Thu, 11 Feb 2021 10:30:52 GMT", "kWhRequested": 28.3}], "userID": "000000268", "sessionID": "2_39_81_4550_2021-02-11 02:28:54.108029", "stationID": "2-39-81-4550", "spaceID": "11900388", "siteID": "0002", "clusterID": "0039", "connectionTime": "Thu, 11 Feb 2021 02:30:52 GMT", "disconnectTime": "Thu, 11 Feb 2021 03:11:58 GMT", "kWhDelivered": 21.365, "pilotSignal": null, "chargingCurrent": null, "doneChargingTime": null, "timezone": "America/Los_Angeles"}, {"_id": "6039a09bf9af8b2fee583f44", "userInputs": [{"userID": 316, "milesRequested": 70, "WhPerMile": 290, "minutesAvailable": 146, "modifiedAt": "Thu, 11 Feb 2021 04:09:44 GMT", "paymentRequired": true, "requestedDeparture": "Thu, 11 Feb 2021 06:35:37 GMT", "kWhRequested": 20.3}], "userID": "000000316", "sessionID": "2_39_81_4550_2021-02-11 04:09:37.087641", "stationID": "2-39-81-4550", "spaceID": "11900388", "siteID": "0002", "clusterID": "0039", "connectionTime": "Thu, 11 Feb 2021 04:09:37 GMT", "disconnectTime": "Thu, 11 Feb 2021 04:44:38 GMT", "kWhDelivered": 12.612, "pilotSignal": null, "chargingCurrent": null, "doneChargingTime": null, "timezone": "America/Los_Angeles"}, {"_id": "6039a09bf9af8b2fee583f45", "userInputs": [{"userID": 9284, "milesRequested": 150, "WhPerMile": 274, "minutesAvailable": 432, "modifiedAt": "Thu, 11 Feb 2021 05:31:09 GMT", "paymentRequired": true, "requestedDeparture": "Thu, 11 Feb 2021 12:42:38 GMT", "kWhRequested": 41.1}], "userID": "000009284", "sessionID": "2_39_81_4550_2021-02-11 05:30:37.644301", "stationID": "2-39-81-4550", "spaceID": "11900388", "siteID": "0002", "clusterID": "0039", "connectionTime": "Thu, 11 Feb 2021 05:30:38 GMT", "disconnectTime": "Thu, 11 Feb 2021 05:51:39 GMT", "kWhDelivered": 14.775, "pilotSignal": null, "chargingCurrent": null, "doneChargingTime": null, "timezone": "America/Los_Angeles"}, {"_id": "6039a09bf9af8b2fee583f46", "userInputs": [{"userID": 9790, "milesRequested": 100, "WhPerMile": 283, "minutesAvailable": 480, "modifiedAt": "Thu, 11 Feb 2021 07:54:37 GMT", "paymentRequired": true, "requestedDeparture": "Thu, 11 Feb 2021 15:54:29 GMT", "kWhRequested": 28.3}], "userID": "000009790", "sessionID": "2_39_81_4550_2021-02-11 07:54:29.198224", "stationID": "2-39-81-4550", "spaceID": "11900388", "siteID": "0002", "clusterID": "0039", "connectionTime": "Thu, 11 Feb 2021 07:54:29 GMT", "disconnectTime": "Thu, 11 Feb 2021 08:49:52 GMT", "kWhDelivered": 29.939, "pilotSignal": null, "chargingCurrent": null, "doneChargingTime": null, "timezone": "America/Los_Angeles"}, {"_id": "603af21bf9af8b31fe027b8d", "userInputs": [{"userID": 10180, "milesRequested": 100, "WhPerMile": 630, "minutesAvailable": 480, "modifiedAt": "Thu, 11 Feb 2021 14:30:48 GMT", "paymentRequired": true, "requestedDeparture": "Thu, 11 Feb 2021 22:30:48 GMT", "kWhRequested": 63.0}], "userID": "000010180", "sessionID": "2_39_81_4550_2021-02-11 14:30:15.728014", "stationID": "2-39-81-4550", "spaceID": "11900388", "siteID": "0002", "clusterID": "0039", "connectionTime": "Thu, 11 Feb 2021 14:30:48 GMT", "disconnectTime": "Thu, 11 Feb 2021 14:47:28 GMT", "kWhDelivered": 11.595, "pilotSignal": null, "chargingCurrent": null, "doneChargingTime": null, "timezone": "America/Los_Angeles"}, {"_id": "603af21bf9af8b31fe027b8e", "userInputs": [{"userID": 10180, "milesRequested": 100, "WhPerMile": 630, "minutesAvailable": 480, "modifiedAt": "Thu, 11 Feb 2021 14:50:17 GMT", "paymentRequired": true, "requestedDeparture": "Thu, 11 Feb 2021 22:50:02 GMT", "kWhRequested": 63.0}], "userID": "000010180", "sessionID": "2_39_81_4550_2021-02-11 14:50:02.058579", "stationID": "2-39-81-4550", "spaceID": "11900388", "siteID": "0002", "clusterID": "0039", "connectionTime": "Thu, 11 Feb 2021 14:50:02 GMT", "disconnectTime": "Thu, 11 Feb 2021 15:54:52 GMT", "kWhDelivered": 26.541, "pilotSignal": null, "chargingCurrent": null, "doneChargingTime": null, "timezone": "America/Los_Angeles"}, {"_id": "603af21bf9af8b31fe027b8f", "userInputs": [{"userID": 3853, "milesRequested": 200, "WhPerMile": 340, "minutesAvailable": 605, "modifiedAt": "Thu, 11 Feb 2021 16:29:25 GMT", "paymentRequired": true, "requestedDeparture": "Fri, 12 Feb 2021 02:34:18 GMT", "kWhRequested": 68.0}], "userID": "000003853", "sessionID": "2_39_79_379_2021-02-11 16:29:17.562564", "stationID": "2-39-79-379", "spaceID": "CA-327", "siteID": "0002", "clusterID": "0039", "connectionTime": "Thu, 11 Feb 2021 16:29:18 GMT", "disconnectTime": "Fri, 12 Feb 2021 01:19:47 GMT", "kWhDelivered": 9.905, "pilotSignal": null, "chargingCurrent": null, "doneChargingTime": null, "timezone": "America/Los_Angeles"}, {"_id": "603af21bf9af8b31fe027b90", "userInputs": null, "userID": null, "sessionID": "2_39_79_380_2021-02-11 16:48:30.316069", "stationID": "2-39-79-380", "spaceID": "CA-489", "siteID": "0002", "clusterID": "0039", "connectionTime": "Thu, 11 Feb 2021 16:48:30 GMT", "disconnectTime": "Thu, 11 Feb 2021 17:26:40 GMT", "kWhDelivered": 0.902, "pilotSignal": null, "chargingCurrent": null, "doneChargingTime": null, "timezone": "America/Los_Angeles"}, {"_id": "603af21bf9af8b31fe027b91", "userInputs": [{"userID": 9048, "milesRequested": 30, "WhPerMile": 450, "minutesAvailable": 120, "modifiedAt": "Thu, 11 Feb 2021 18:05:45 GMT", "paymentRequired": true, "requestedDeparture": "Thu, 11 Feb 2021 20:05:23 GMT", "kWhRequested": 13.5}], "userID": "000009048", "sessionID": "2_39_79_383_2021-02-11 18:05:23.222066", "stationID": "2-39-79-383", "spaceID": "CA-492", "siteID": "0002", "clusterID": "0039", "connectionTime": "Thu, 11 Feb 2021 18:05:23 GMT", "disconnectTime": "Fri, 12 Feb 2021 02:24:25 GMT", "kWhDelivered": 9.975, "pilotSignal": null, "chargingCurrent": null, "doneChargingTime": null, "timezone": "America/Los_Angeles"}, {"_id": "603af21bf9af8b31fe027b92", "userInputs": [{"userID": 1082, "milesRequested": 20, "WhPerMile": 290, "minutesAvailable": 120, "modifiedAt": "Thu, 11 Feb 2021 18:58:35 GMT", "paymentRequired": true, "requestedDeparture": "Thu, 11 Feb 2021 20:57:20 GMT", "kWhRequested": 5.8}], "userID": "000001082", "sessionID": "2_39_78_365_2021-02-11 18:57:19.668551", "stationID": "2-39-78-365", "spaceID": "CA-321", "siteID": "0002", "clusterID": "0039", "connectionTime": "Thu, 11 Feb 2021 18:57:20 GMT", "disconnectTime": "Thu, 11 Feb 2021 20:34:27 GMT", "kWhDelivered": 2.177, "pilotSignal": null, "chargingCurrent": null, "doneChargingTime": null, "timezone": "America/Los_Angeles"}]